distance_km,moran_I,p_value
10,0.1641896397398367,0.0024551382884691296
25,0.05691919655025596,0.061866770415481005
50,0.07907608286500638,3.8929454680080693e-4
75,0.06131222548680339,7.467274132072932e-5
100,0.05244932695237944,7.92155521805184e-6
